{
  "info": {
    "name": "Smart App API",
    "description": "API collection for Smart App backend",
    "schema": "https://schema.getpostman.com/json/collection/v2.1.0/collection.json"
  },
  "item": [
    {
      "name": "Authentication",
      "item": [
        {
          "name": "Register User",
          "request": {
            "method": "POST",
            "header": [
              {
                "key": "Content-Type",
                "value": "application/json"
              }
            ],
            "body": {
              "mode": "raw",
              "raw": "{\n  \"fullName\": \"John Doe\",\n  \"email\": \"john@example.com\",\n  \"password\": \"Password123\",\n  \"phone\": \"+1234567890\"\n}"
            },
            "url": {
              "raw": "http://localhost:5000/api/auth/register",
              "protocol": "http",
              "host": ["localhost"],
              "port": "5000",
              "path": ["api", "auth", "register"]
            },
            "description": "Register a new user with email verification"
          }
        },
        {
          "name": "Verify Email",
          "request": {
            "method": "GET",
            "header": [],
            "url": {
              "raw": "http://localhost:5000/api/auth/verify-email/YOUR_TOKEN_HERE",
              "protocol": "http",
              "host": ["localhost"],
              "port": "5000",
              "path": ["api", "auth", "verify-email", "YOUR_TOKEN_HERE"]
            },
            "description": "Verify user email using token from email"
          }
        },
        {
          "name": "Get All Users",
          "request": {
            "method": "GET",
            "header": [],
            "url": {
              "raw": "http://localhost:5000/api/auth/users",
              "protocol": "http",
              "host": ["localhost"],
              "port": "5000",
              "path": ["api", "auth", "users"]
            },
            "description": "Get all registered users (testing only)"
          }
        }
      ]
    },
    {
      "name": "Health Check",
      "request": {
        "method": "GET",
        "header": [],
        "url": {
          "raw": "http://localhost:5000/api/health",
          "protocol": "http",
          "host": ["localhost"],
          "port": "5000",
          "path": ["api", "health"]
        },
        "description": "Check if server is running"
      }
    }
  ]
}

